time,latitude,longitude,depth_km,magnitude
2026-05-17 09:38:20.685,11.0493,95.1108,10.0,4.6
2026-05-16 21:16:16.654,13.0167,93.7021,96.882,4.7
2026-05-12 05:18:57.354,6.9852,92.3567,10.0,4.9
2026-05-08 03:53:33.205,10.1728,91.4911,10.0,4.6
2026-05-03 10:33:34.042,8.1018,91.9353,10.0,4.2
2026-05-01 03:12:50.564,8.076,91.8795,10.0,4.8
2026-04-10 03:36:01.376,9.0424,94.003,10.0,4.3
2026-04-08 22:13:51.268,10.4649,93.722,10.0,4.6
2026-04-05 00:09:30.549,6.3939,92.4656,10.0,4.5
2026-04-05 00:05:48.007,6.2934,92.4536,10.0,4.0
2026-04-01 20:14:23.446,6.1734,94.0331,41.062,4.4
2026-03-28 20:31:04.261,6.874,92.4639,10.0,4.3
2026-03-28 11:52:23.542,10.2798,93.7211,10.0,4.6
2026-02-23 10:11:51.805,10.6835,93.9644,128.06,4.3
2026-02-23 05:02:10.879,11.642,91.7328,10.0,4.8
2026-02-01 22:01:02.450,7.5347,94.1398,103.479,4.5
2026-01-06 13:30:04.484,10.4383,92.1484,10.0,4.3
2025-12-24 04:09:47.901,12.6319,92.7492,35.0,4.8
2025-12-13 13:45:31.103,6.4483,94.1726,78.481,4.3
2025-12-13 06:18:09.957,10.9166,93.7806,167.634,4.2
2025-12-08 09:30:11.095,13.2819,95.8494,20.36,4.3
2025-11-23 07:57:21.789,13.4046,95.7949,10.0,4.2
2025-11-23 04:39:22.415,13.3595,95.8101,10.0,5.3
2025-11-10 20:16:45.573,8.0905,91.8312,10.0,4.5
2025-11-09 06:38:31.475,12.4989,93.7511,132.652,5.4
2025-11-09 02:53:47.610,7.4719,94.371,10.0,4.4
2025-10-27 08:22:53.538,6.4695,93.6271,47.953,4.1
2025-10-16 22:10:23.971,13.3577,92.5564,15.163,5.0
2025-10-04 20:31:03.053,10.575,92.8178,58.539,4.5
2025-09-24 08:36:06.682,6.3533,94.2208,59.396,4.6
2025-09-18 12:41:52.979,12.2024,95.3077,10.0,4.8
2025-09-03 13:52:50.487,9.7118,93.6542,10.0,4.4
2025-08-10 18:44:01.242,9.0228,93.9177,10.0,4.4
2025-08-10 06:32:32.923,13.6724,92.7915,10.0,4.7
2025-08-10 06:18:24.040,9.2891,93.8494,10.0,4.4
2025-08-04 21:38:27.704,13.9342,92.3481,10.0,4.2
2025-07-30 17:21:03.426,9.3633,93.9614,40.127,5.0
2025-07-29 19:20:20.198,9.1076,93.8628,10.0,4.3
2025-07-29 17:14:14.026,9.3982,94.0014,10.0,4.5
2025-07-29 16:24:24.857,9.3593,93.9247,10.0,4.9
2025-07-29 16:23:41.867,9.2521,93.9445,10.0,4.0
2025-07-29 16:11:34.441,9.357,93.9629,10.0,5.0
2025-07-29 15:47:23.825,9.4782,93.9663,10.0,4.8
2025-07-28 18:41:50.299,6.6907,93.0637,21.0,6.4
2025-07-26 10:56:39.805,9.2305,93.9309,10.0,4.5
2025-07-25 12:57:20.082,9.2266,93.6356,132.895,4.9
2025-07-21 18:00:56.801,11.0639,93.0478,92.727,4.5
2025-07-20 21:58:08.383,7.8436,94.6781,10.0,4.3
2025-07-18 06:31:54.638,9.5752,93.5098,107.569,4.2
2025-07-17 00:19:45.825,9.2857,94.2457,10.0,4.3
2025-07-16 23:13:53.515,9.4441,93.9067,10.0,4.2
2025-07-16 07:27:47.015,9.3115,94.1776,10.0,4.4
2025-07-15 06:48:31.462,9.4361,94.1008,10.0,4.3
2025-07-13 19:14:45.334,9.3592,93.5887,10.0,4.4
2025-07-13 13:14:40.966,9.3388,93.8813,10.771,5.2
2025-07-07 10:50:22.116,9.0575,93.7358,10.0,4.3
2025-07-07 10:28:09.829,9.2376,93.7811,10.0,4.4
2025-07-07 10:16:02.145,9.3716,93.9749,10.0,5.1
2025-07-07 09:42:36.270,9.3132,93.8317,10.0,4.9
2025-07-06 01:33:30.996,6.2369,94.9807,10.0,4.6
2025-07-05 20:25:57.714,6.09,94.9211,10.0,4.5
2025-07-05 20:23:07.045,6.1014,94.9925,10.0,4.6
2025-07-05 20:12:05.833,6.1548,95.0779,10.0,4.4
2025-07-05 19:42:20.755,6.2844,95.0881,10.0,5.5
2025-07-04 05:39:52.801,6.12,94.8961,10.0,4.6
2025-07-04 05:33:51.401,6.0835,94.9874,10.0,5.2
2025-07-04 02:11:16.427,9.4541,93.9272,10.0,4.6
2025-07-03 11:44:12.005,9.236,93.841,10.0,4.7
2025-07-02 01:52:48.929,9.3798,93.9613,10.0,4.6
2025-07-01 00:06:55.616,9.167,94.0027,10.0,4.6
2025-06-30 23:22:35.152,9.5382,94.0096,10.0,4.5
2025-06-30 06:38:19.635,9.1818,93.7574,10.0,4.6
2025-06-30 06:36:20.640,9.2662,93.8911,10.0,4.9
2025-06-30 05:52:21.272,9.3928,93.9439,10.0,5.0
2025-06-30 04:39:02.408,9.4501,93.9908,12.217,4.9
2025-06-29 07:16:33.240,9.2583,94.0122,10.0,4.3
2025-06-29 01:37:29.007,9.3226,93.9973,10.0,4.6
2025-06-29 01:28:19.481,9.3119,93.8715,10.0,4.5
2025-06-28 23:34:58.208,9.3592,93.818,10.0,4.5
2025-06-27 14:58:12.410,9.5357,93.8546,10.0,5.1
2025-06-27 14:47:19.720,9.0956,93.9539,10.0,4.5
2025-06-27 14:32:45.056,9.2343,93.9758,10.0,4.3
2025-06-27 07:55:47.330,9.3113,93.9417,10.0,4.3
2025-06-26 19:11:52.422,9.4621,94.0031,10.0,4.3
2025-06-26 12:09:29.101,9.149,93.9022,10.0,4.3
2025-06-26 11:52:17.398,9.3312,94.0146,14.446,4.5
2025-06-26 11:42:09.230,9.1134,93.8217,10.0,4.1
2025-06-25 20:00:24.372,9.2405,93.7565,10.0,4.3
2025-06-25 17:37:25.441,9.2161,93.7176,10.0,4.6
2025-06-25 16:13:43.675,9.2702,94.3342,10.0,4.1
2025-06-25 09:59:44.205,9.3263,93.9061,10.0,4.9
2025-06-25 07:08:06.981,9.5898,94.207,10.0,4.4
2025-06-25 04:08:34.990,9.4548,93.9818,10.0,4.5
2025-06-25 01:39:34.110,9.3808,93.9854,10.0,4.7
2025-06-25 01:33:28.230,9.4363,93.8934,10.0,5.4
2025-06-24 23:53:44.051,9.3411,93.8007,10.0,4.5
2025-06-24 23:51:41.383,9.5066,94.0004,10.0,4.8
2025-06-24 20:13:47.224,9.2948,93.9639,10.0,4.6
2025-06-24 19:02:28.626,9.5367,94.1242,10.0,4.2
2025-06-24 16:09:13.134,9.3701,93.9935,10.0,4.3
2025-06-24 15:31:33.388,9.3326,93.9986,10.0,4.5
2025-06-24 15:29:25.410,9.2566,93.9113,10.0,4.1
2025-06-24 14:54:10.447,9.3075,93.7511,10.0,4.2
2025-06-24 13:50:16.539,9.5091,94.0036,10.0,4.6
2025-06-24 13:12:22.844,9.3664,94.0616,10.0,4.9
2025-06-24 12:53:19.256,9.3798,93.87,10.0,4.6
2025-06-24 12:23:23.875,9.5365,93.7405,10.0,4.6
2025-06-24 12:22:47.025,9.2684,93.9307,10.0,4.5
2025-06-24 10:16:58.345,9.3465,93.8265,10.0,4.9
2025-06-24 10:03:44.892,9.5201,93.4167,10.0,4.5
2025-06-24 09:59:56.958,9.745,93.931,10.0,4.1
2025-06-24 09:34:07.987,9.2217,93.8561,10.0,4.6
2025-06-24 09:04:15.157,9.1574,93.9195,10.0,4.6
2025-06-24 05:08:35.146,9.6069,93.9175,10.0,4.4
2025-06-16 09:14:03.334,10.8873,93.5681,124.708,4.8
2025-06-10 09:26:51.988,8.9743,93.9458,10.0,4.3
2025-06-05 13:44:55.909,6.5814,94.2449,87.227,4.3
2025-05-21 14:21:16.769,8.9268,93.8553,10.0,4.7
2025-05-13 16:48:40.737,6.9072,92.3559,10.0,4.1
2025-04-28 03:39:25.294,13.0733,92.5283,10.0,4.6
2025-04-27 02:23:38.028,6.3701,94.9201,134.235,4.4
2025-04-01 09:34:44.713,6.8308,92.4856,10.0,4.1
2025-03-31 06:13:59.156,6.627,92.4936,10.0,4.2
2025-03-31 03:54:01.091,10.2401,94.02,10.0,4.2
2025-03-25 23:51:38.865,7.3503,94.0233,95.24,4.5
2025-03-25 13:55:57.476,6.6472,92.451,10.0,4.4
2025-03-25 13:25:11.777,6.7697,92.569,10.0,4.9
2025-03-24 07:19:55.884,10.3688,93.9709,10.0,4.7
2025-03-24 04:36:05.252,9.9009,93.6477,10.0,4.7
2025-03-24 04:29:29.100,10.1202,93.7118,10.0,5.1
2025-03-19 03:38:19.177,13.2595,93.5415,83.064,4.3
2025-03-12 10:02:21.672,6.9012,92.4701,10.0,4.8
2025-03-12 05:42:11.676,6.9701,92.5548,23.0,6.0
2025-02-22 20:25:23.131,13.2754,91.4476,10.0,4.4
2025-02-10 15:10:18.801,7.6125,93.6721,79.051,4.6
2025-02-08 04:44:12.553,7.5576,93.6213,57.805,5.2
2025-01-20 11:34:22.857,7.3869,91.5233,10.0,4.3
2025-01-20 11:20:36.839,7.4323,91.5683,10.0,5.3
2025-01-20 05:57:10.327,10.0412,91.6307,10.0,5.0
2025-01-02 04:25:53.887,8.4787,93.6311,10.0,4.4
2024-12-20 15:42:43.959,10.8051,95.5221,10.0,4.5
2024-12-11 00:38:28.651,12.2024,92.228,10.0,4.4
2024-12-05 07:58:38.172,12.3831,92.1816,10.0,4.4
2024-12-05 04:30:48.822,11.1885,93.2077,81.873,4.3
2024-11-25 11:15:51.690,6.7899,94.5095,121.997,4.0
2024-11-20 04:21:33.100,12.4768,93.1336,74.037,4.7
2024-11-14 09:37:05.117,11.9804,92.8301,56.21,4.6
2024-11-12 10:42:41.806,10.4607,92.691,35.0,4.4
2024-10-31 12:05:18.580,11.0836,93.7859,160.976,4.2
2024-10-20 10:00:01.194,13.8634,92.8425,17.641,4.7
2024-10-10 01:10:38.951,12.2283,93.8736,156.02,4.2
2024-10-07 03:12:19.394,9.257,93.9723,9.961,4.2
2024-10-01 19:05:28.054,11.348,93.901,177.767,4.1
2024-09-29 08:39:06.984,10.1076,92.9732,78.618,4.3
2024-09-24 09:24:24.060,12.6154,93.5592,86.076,4.6
2024-09-23 02:50:11.148,10.6333,91.5652,10.0,4.6
2024-09-21 18:42:21.342,10.4981,91.6346,10.0,4.3
2024-09-21 16:41:36.445,10.5828,91.6213,10.0,4.9
2024-09-19 05:20:57.102,10.461,91.6084,10.0,5.2
2024-09-17 20:02:04.835,12.3234,92.4484,10.0,4.3
2024-09-17 04:22:57.909,8.8806,90.5829,10.0,4.6
2024-09-14 10:56:45.207,6.185,92.1763,10.0,4.9
2024-09-13 13:55:31.930,11.7376,95.1008,10.0,4.2
2024-09-13 09:22:52.460,11.6903,95.0031,10.0,4.7
2024-09-01 03:42:49.557,8.1965,91.7229,10.0,5.2
2024-08-28 03:55:42.946,8.7146,93.8405,87.199,4.6
2024-08-25 09:21:25.503,10.2045,93.8221,10.0,4.7
2024-08-21 16:45:24.944,13.3206,93.1216,27.18,4.5
2024-08-21 13:16:15.518,11.3998,93.7376,117.226,4.3
2024-07-30 01:33:35.216,13.2054,93.5461,47.094,4.5
2024-07-27 15:24:26.026,9.1069,92.742,36.503,4.4
2024-07-09 03:06:58.859,7.7685,93.9189,10.0,4.3
2024-07-09 02:10:27.795,7.8051,94.0192,9.941,4.4
2024-06-30 07:10:58.147,10.2616,93.7841,10.0,4.4
2024-06-28 17:16:45.100,10.1256,93.6765,10.0,5.0
2024-06-26 01:24:13.616,8.0633,90.4103,10.0,5.6
2024-06-26 00:56:22.555,10.2337,93.8875,10.0,4.5
2024-06-25 02:39:50.640,10.0181,93.737,10.0,4.3
2024-06-21 14:13:37.081,6.6184,93.9248,58.771,4.2
2024-06-10 10:10:36.968,7.3748,92.0633,10.0,4.7
2024-05-07 00:17:49.295,13.2783,92.7568,21.301,4.3
2024-04-25 07:33:13.982,6.2538,95.5985,216.975,4.6
2024-04-18 21:33:57.064,10.5366,92.3326,10.0,4.4
2024-04-16 23:01:24.137,11.3815,92.9599,57.532,5.0
2024-04-10 19:26:07.773,6.2126,92.6985,10.0,4.5
2024-04-10 17:26:14.725,6.2709,92.7251,10.0,4.7
2024-04-10 17:23:54.900,6.2161,92.6762,10.0,4.4
2024-04-10 16:51:31.893,6.266,92.8088,10.0,4.0
2024-04-08 01:20:12.604,10.7532,91.5769,10.0,4.2
2024-04-07 10:38:07.914,9.1927,94.0283,10.748,4.4
2024-03-15 19:26:08.490,13.7525,92.896,22.068,4.4
2024-03-14 06:13:01.910,11.2699,95.1326,10.0,4.8
2024-03-12 18:02:09.118,11.2654,94.7931,10.0,4.2
2024-03-11 17:21:13.708,6.1948,94.9681,10.0,4.2
2024-03-11 17:07:19.912,9.5188,93.5747,10.0,4.4
2024-03-08 07:37:33.068,10.504,93.8051,165.285,4.4
2024-03-04 03:50:17.216,10.6366,91.3969,10.0,4.0
2024-02-04 22:43:12.502,12.0638,93.6037,123.195,4.7
2024-02-02 05:56:41.722,6.6914,92.5268,10.0,4.6
2024-01-28 11:52:30.667,9.1856,93.8962,10.0,4.3
2024-01-23 13:21:45.341,9.4331,93.989,10.0,4.6
2024-01-23 13:07:54.804,9.5148,93.9579,10.0,4.5
2024-01-23 05:12:00.608,9.2344,93.901,10.0,4.3
2024-01-22 20:07:23.967,9.322,93.9969,10.0,4.4
2024-01-21 04:06:23.723,9.3399,93.9475,10.0,4.5
2024-01-21 00:22:24.977,8.793,94.0472,10.0,4.4
2024-01-20 01:36:11.203,9.4409,94.0987,10.0,5.0
2024-01-19 13:40:10.115,9.7925,93.8927,10.0,4.3
2024-01-19 08:19:50.553,9.4803,93.8839,10.0,4.7
2024-01-10 02:23:44.173,11.7494,93.2401,85.164,4.5
2024-01-08 05:05:30.301,11.7568,92.6708,35.31,4.6
2023-12-20 06:42:50.029,6.0799,94.9014,9.682,4.3
2023-12-18 23:59:37.199,6.2812,95.0067,10.026,4.1
2023-12-13 16:22:04.474,8.2884,91.1737,10.0,4.2
2023-12-05 14:45:03.410,9.3573,93.9828,10.0,4.8
2023-11-29 08:12:24.794,12.1737,95.2346,10.0,4.8
2023-11-26 19:24:22.473,12.6576,95.2787,10.0,4.5
2023-11-26 18:16:26.401,12.6444,95.2808,10.0,4.3
2023-11-20 20:01:32.421,9.1066,93.993,10.81,4.3
2023-11-19 13:06:41.083,9.4841,93.8259,100.6,4.3
2023-11-11 14:37:18.293,9.3023,94.0048,10.0,4.4
2023-11-10 15:49:15.815,12.5428,91.7107,10.0,4.4
2023-11-09 20:55:05.871,9.4971,94.0862,10.0,4.4
2023-11-08 23:21:32.691,13.4736,92.909,18.383,4.5
2023-11-08 05:02:05.284,6.6624,94.6503,95.025,4.7
2023-11-07 09:07:03.243,6.7857,95.2054,188.776,4.7
2023-11-07 00:02:12.657,7.3119,91.6874,10.0,4.6
2023-11-03 10:33:31.531,14.67,96.1897,10.0,4.4
2023-11-01 12:51:15.409,10.9291,93.063,93.275,4.9
2023-10-20 00:20:08.653,13.9893,92.8694,15.998,4.4
2023-10-18 13:25:10.787,9.4496,93.9888,10.0,4.4
2023-10-16 23:13:31.567,9.3696,94.0097,10.254,4.5
2023-10-08 08:10:48.987,11.8926,92.3616,22.675,4.4
2023-10-08 00:04:56.398,8.5748,94.2956,10.0,4.2
2023-10-08 00:03:03.557,8.7033,94.2213,10.369,4.4
2023-10-07 23:57:26.766,9.2935,93.8804,10.0,4.5
2023-10-07 21:49:41.275,9.2548,93.8582,10.0,4.6
2023-09-28 07:28:10.958,9.3063,94.1254,10.0,4.3
2023-09-24 21:01:37.674,6.9366,94.6214,10.0,4.6
2023-09-24 16:34:31.139,7.0637,94.6399,10.0,4.8
2023-09-03 09:59:03.213,9.2199,93.8879,10.0,4.7
2023-09-01 05:27:51.913,9.4069,93.8627,10.0,4.2
2023-08-28 22:20:12.739,11.1246,93.6704,125.227,4.3
2023-08-23 13:24:21.524,9.1639,93.8846,10.0,4.2
2023-08-23 13:13:33.336,9.0904,93.8083,10.0,4.4
2023-08-18 07:32:38.219,9.1561,93.9692,10.0,4.7
2023-08-18 06:40:50.838,9.0272,93.9337,10.0,4.6
2023-08-18 06:37:33.342,9.5714,93.9359,10.0,4.7
2023-08-17 21:20:03.638,7.3563,94.7353,96.53,4.3
2023-08-14 11:12:21.187,9.254,93.9135,10.0,4.8
2023-08-14 10:33:27.596,11.2401,91.8215,18.719,4.6
2023-08-10 21:25:57.660,9.5521,93.8372,10.0,4.5
2023-08-10 18:13:36.311,10.4485,93.4368,116.866,4.1
2023-08-08 19:29:05.114,9.0073,93.9087,10.0,4.5
2023-08-07 07:26:45.464,9.1429,93.6252,10.0,4.5
2023-08-07 07:23:21.808,9.1915,93.7124,10.0,5.0
2023-08-06 09:45:46.310,9.1768,93.8337,10.0,4.4
2023-08-05 09:09:25.957,11.8507,92.0472,10.0,4.8
2023-08-03 11:39:02.737,9.0897,93.5963,10.0,4.8
2023-08-02 22:47:31.055,8.4732,92.8663,51.605,4.2
2023-08-02 01:07:17.066,9.5163,94.0695,10.0,5.2
2023-08-02 00:10:11.622,9.3458,93.9282,10.0,5.3
2023-08-01 23:07:34.572,9.5049,93.7127,10.0,4.3
2023-08-01 13:38:51.353,9.2693,93.9045,10.0,4.5
2023-07-28 19:23:46.487,10.5368,93.5418,88.891,5.9
2023-07-13 05:02:32.249,13.792,94.1092,39.377,4.5
2023-07-10 00:01:47.570,13.1442,93.2891,35.0,4.2
2023-06-26 18:05:37.303,9.3365,93.7769,10.0,4.6
2023-06-26 13:32:03.058,9.2868,93.5555,10.0,4.9
2023-06-26 12:52:59.977,13.7408,92.7235,10.0,4.7
2023-06-26 11:32:02.555,8.7087,93.955,10.0,4.3
2023-06-21 02:10:42.233,9.1371,93.367,10.0,4.5
2023-06-05 02:09:45.778,12.8765,95.4751,10.0,4.6
2023-05-29 02:18:17.682,13.407,94.1485,10.0,4.6
2023-05-14 21:43:49.463,9.7587,93.5283,9.846,4.0
2023-05-09 13:42:18.282,10.972,92.0333,10.0,5.1
2023-04-29 04:58:40.714,8.1481,94.0315,10.0,4.3
2023-04-28 20:07:01.518,8.2568,94.1308,17.972,4.9
2023-04-24 10:58:31.943,9.3625,93.8685,10.0,5.0
2023-04-13 03:21:19.466,8.9297,93.8956,10.0,4.9
2023-04-11 02:08:29.426,9.1853,93.979,10.0,4.5
2023-04-10 17:12:17.347,8.9365,93.6767,9.968,4.9
2023-04-10 17:11:50.820,9.0663,93.9297,13.852,4.8
2023-04-10 16:47:16.451,8.897,93.7742,9.626,4.3
2023-04-10 11:21:22.777,8.9611,93.7674,10.028,4.5
2023-04-10 00:54:56.108,9.1564,93.8198,10.0,4.6
2023-04-10 00:51:40.435,8.9215,93.5922,10.0,4.2
2023-04-09 23:55:02.324,8.9923,93.8476,10.0,4.1
2023-04-09 21:07:10.709,8.5816,93.9431,10.0,4.2
2023-04-09 21:00:08.812,9.3723,93.8096,10.0,4.1
2023-04-09 20:55:58.001,9.0116,93.9224,10.0,5.2
2023-04-09 19:37:44.546,13.2395,93.1777,43.596,4.3
2023-04-09 12:47:52.279,8.9466,93.9623,10.41,4.4
2023-04-09 12:27:39.153,8.9733,93.8322,10.0,4.3
2023-04-09 12:24:01.576,9.1656,94.1407,10.0,4.2
2023-04-09 12:17:33.607,8.966,93.9695,10.0,5.7
2023-04-09 11:44:44.984,9.0971,93.7971,10.0,4.4
2023-04-09 10:44:50.822,9.1044,93.9484,10.287,4.4
2023-04-09 10:38:58.795,9.0886,93.9474,10.0,4.9
2023-04-09 10:31:20.479,8.9326,93.9552,10.0,5.5
2023-04-09 09:29:47.096,9.0979,93.9434,10.438,4.6
2023-04-09 09:25:52.959,9.3635,93.9687,10.0,4.3
2023-04-09 08:14:50.840,8.9963,93.8953,10.0,4.5
2023-04-09 07:46:14.580,9.096,94.0003,10.0,5.3
2023-04-09 06:52:06.387,9.1594,93.6124,10.0,4.3
2023-04-08 15:47:41.359,9.1198,94.0206,10.0,4.4
2023-04-08 11:24:20.245,8.9628,94.0271,10.204,4.3
2023-04-08 11:13:30.394,9.1421,93.9949,11.543,4.3
2023-04-08 11:06:11.514,9.1273,93.9306,8.194,4.6
2023-04-04 17:17:42.936,9.058,93.9052,9.989,5.0
2023-03-31 18:26:41.006,11.8777,93.7469,126.636,4.2
2023-03-15 04:52:02.152,9.6093,93.7038,114.367,4.0
2023-03-13 13:44:29.010,11.0773,91.7251,36.766,4.4
2023-03-07 11:11:46.454,13.3077,92.4291,10.0,4.9
2023-03-05 23:37:11.420,7.6244,91.7592,10.0,5.1
2023-02-24 07:03:16.393,9.7878,92.6004,35.0,4.3
2023-02-22 09:31:56.373,9.2648,93.945,11.02,4.5
2023-01-30 18:45:37.506,12.1363,93.5873,107.401,5.0
2023-01-27 15:34:13.818,7.7778,93.1089,70.612,4.4
2023-01-19 11:34:03.747,10.0936,93.5847,10.0,4.8
2023-01-19 01:17:56.519,12.1121,94.4701,10.0,4.4
2023-01-18 01:46:55.643,11.5023,95.1809,10.0,4.4
2023-01-10 23:00:07.145,11.2892,91.8207,20.942,4.1
2023-01-07 21:18:36.723,11.9253,92.6851,40.216,4.2
2023-01-03 01:05:36.386,10.7847,95.0957,10.0,4.3
2023-01-03 00:22:01.686,10.8475,95.1111,10.0,4.1
2023-01-02 20:11:27.547,10.8119,91.5945,10.0,4.4
2022-12-27 02:29:38.069,11.4848,95.0,10.0,4.1
2022-12-26 22:50:52.340,9.0067,93.8779,10.011,4.3
2022-12-13 08:38:58.807,6.0908,93.1176,19.266,4.9
2022-12-12 07:18:46.401,12.736,93.633,85.927,4.5
2022-11-30 14:39:32.589,12.4347,93.9585,135.727,4.0
2022-11-17 15:38:38.137,7.5065,94.0431,57.048,4.3
2022-11-09 20:59:12.045,7.3617,94.2277,9.31,4.7
2022-10-30 23:02:28.181,13.5414,94.2712,10.0,4.5
2022-10-21 20:36:30.564,6.2459,96.0106,232.808,4.3
2022-10-20 06:46:55.511,11.5884,93.1518,90.086,5.1
2022-10-14 13:19:13.983,9.1283,94.0138,10.0,4.5
2022-10-11 01:35:49.776,9.9577,93.911,10.0,4.1
2022-10-07 11:29:46.857,7.3762,94.3936,10.0,4.9
2022-10-03 15:44:49.369,8.3607,91.1987,10.0,4.1
2022-09-28 12:13:36.124,14.4837,92.9479,10.0,4.6
2022-09-17 02:15:17.988,7.7191,91.4602,10.0,4.5
2022-09-02 07:13:05.499,13.9359,93.6367,55.814,5.0
2022-08-28 03:16:16.963,10.3923,93.8489,10.0,4.6
2022-08-21 18:29:48.155,8.2238,94.1633,10.0,4.5
2022-08-07 15:44:30.673,10.2856,93.8306,10.349,4.6
2022-07-14 01:36:40.836,10.3022,94.1785,10.0,4.4
2022-07-08 21:34:33.544,10.3187,94.1649,10.0,4.5
2022-07-08 21:23:56.176,9.921,94.2657,10.0,4.1
2022-07-08 21:04:40.152,10.4818,94.1885,10.0,5.2
2022-07-08 19:36:45.401,10.3507,94.0642,10.0,4.2
2022-07-08 19:16:14.912,10.4109,94.2296,10.0,4.8
2022-07-08 19:15:46.921,10.3602,94.1827,10.0,4.5
2022-07-07 01:02:12.039,10.4157,94.0481,10.0,4.3
2022-07-06 19:51:51.066,10.3391,94.2494,10.0,4.6
2022-07-06 18:31:23.829,10.4174,94.1129,10.0,4.5
2022-07-06 17:52:00.412,10.4009,94.3816,10.0,4.5
2022-07-06 15:16:27.036,10.3877,94.0749,10.0,4.5
2022-07-06 08:01:06.482,10.368,94.2181,10.0,4.9
2022-07-06 00:32:44.303,10.3261,94.1081,10.0,4.0
2022-07-06 00:26:14.626,10.4628,94.1034,10.0,4.9
2022-07-05 14:50:19.975,10.553,94.1619,10.0,4.9
2022-07-05 13:16:44.407,10.3995,94.1516,10.0,4.2
2022-07-05 11:12:51.217,10.3821,94.2379,10.0,4.0
2022-07-05 10:24:13.165,10.4254,94.1424,10.0,4.2
2022-07-05 09:44:02.616,10.2992,94.3324,10.0,4.7
2022-07-05 08:19:07.720,10.3821,94.0983,10.0,4.3
2022-07-05 07:48:33.145,10.2608,94.1562,10.0,4.8
2022-07-05 06:46:45.203,10.3286,94.1991,10.0,4.3
2022-07-05 06:06:13.690,10.2666,94.2833,10.0,5.0
2022-07-05 03:21:57.190,10.4449,93.87,10.0,4.3
2022-07-05 02:34:57.675,10.3288,94.0598,10.0,4.9
2022-07-05 01:10:46.372,10.2316,94.0501,10.0,4.2
2022-07-05 00:26:56.477,10.3277,94.2534,10.0,5.4
2022-07-05 00:10:04.562,10.2778,93.8421,10.0,4.5
2022-07-04 23:38:46.553,10.4198,94.0743,10.0,4.5
2022-07-04 23:15:13.225,10.2329,94.2382,10.0,4.6
2022-07-04 21:59:01.988,10.4627,94.1965,10.0,4.2
2022-07-04 21:24:41.456,10.3032,94.1408,10.0,4.9
2022-07-04 21:18:26.125,10.4048,94.2584,10.0,4.4
2022-07-04 21:03:56.176,10.3526,94.2481,10.0,4.9
2022-07-04 20:43:48.593,10.4204,94.2649,10.0,4.9
2022-07-04 20:18:13.150,10.5545,94.1795,10.0,4.9
2022-07-04 20:02:48.649,10.2384,94.0024,10.0,4.5
2022-07-04 20:00:39.497,10.4646,94.4605,10.0,4.6
2022-07-04 19:36:57.000,10.2638,93.9224,10.0,5.0
2022-07-04 19:16:36.014,10.3725,93.6866,10.0,4.6
2022-07-04 18:33:26.316,10.1636,94.1024,10.0,4.2
2022-07-04 18:07:44.228,10.4137,94.2287,10.0,4.7
2022-07-04 18:04:26.023,10.2429,94.1027,10.0,4.8
2022-07-04 18:03:50.250,10.4139,94.2442,10.0,4.1
2022-07-04 17:31:21.363,10.4304,94.2504,10.0,4.9
2022-07-04 15:13:07.749,10.3736,94.244,10.0,4.2
2022-07-04 15:03:43.220,10.3123,94.1286,10.0,4.4
2022-07-04 14:19:39.150,9.9627,94.1363,10.0,4.5
2022-07-04 14:16:07.734,10.3479,94.0109,10.0,4.5
2022-07-04 13:48:36.387,10.3415,94.1421,10.0,4.2
2022-07-04 12:56:53.028,10.4368,94.1791,10.0,4.3
2022-07-04 12:51:33.584,10.2341,94.2256,10.0,4.5
2022-07-04 12:20:35.476,10.1412,94.2325,10.0,4.6
2022-07-04 11:48:11.309,10.3944,94.2851,10.0,5.0
2022-07-04 11:15:37.887,10.4407,94.2815,10.0,4.1
2022-07-04 10:09:05.632,10.4709,94.1822,10.0,4.5
2022-07-04 09:55:18.979,10.3591,94.1964,10.0,5.0
2022-07-04 09:46:49.717,10.4254,94.2342,10.0,4.5
2022-07-04 09:32:33.341,10.3642,94.1744,10.0,4.7
2022-07-04 09:11:06.457,10.2576,93.8591,10.0,4.3
2022-07-04 09:07:03.697,10.3072,94.1437,10.0,5.0
2022-07-04 08:54:19.874,10.5491,93.9883,10.0,4.2
2022-07-04 08:53:26.096,10.3254,94.0101,10.0,4.3
2022-07-04 08:46:51.549,10.1855,94.0655,10.0,4.3
2022-07-04 08:40:50.995,10.298,94.1393,10.0,4.1
2022-07-04 08:36:19.007,10.4305,94.1413,10.0,5.1
2022-07-04 08:31:12.958,10.3129,94.1035,10.0,4.5
2022-07-04 08:25:27.023,10.2936,94.2046,10.0,4.4
2022-07-04 08:02:38.928,10.3181,94.033,10.0,4.8
2022-07-04 08:01:24.837,10.3636,93.9764,10.0,4.2
2022-07-04 07:29:30.021,10.4776,94.1576,10.0,4.3
2022-07-04 07:21:12.801,10.4084,94.175,10.0,4.3
2022-07-04 06:17:45.344,10.5715,94.5486,10.0,4.2
2022-07-04 05:59:26.188,10.266,94.0759,10.0,4.3
2022-07-04 05:35:51.743,10.3658,94.0742,10.0,4.7
2022-07-04 05:04:49.855,10.3683,94.071,10.0,4.1
2022-07-02 01:50:04.047,6.8777,94.4839,107.84,4.2
2022-06-22 14:25:32.357,10.5852,91.6122,10.0,4.6
2022-06-21 01:45:48.714,10.576,91.58,10.0,4.2
2022-06-05 09:11:46.078,8.9674,93.6949,73.24,5.0
2022-05-29 10:52:56.176,7.7406,91.7514,10.0,4.3
2022-05-27 02:20:15.367,12.9434,93.4548,77.17,4.5
2022-05-16 03:29:06.717,7.3781,94.4289,10.0,4.4
2022-05-09 22:08:05.153,10.179,93.8413,10.0,4.6
2022-05-09 22:06:30.273,9.7019,93.498,10.0,4.5
2022-05-09 17:16:16.683,13.4647,94.0795,10.0,4.2
2022-05-09 16:10:23.667,10.3663,94.152,10.0,4.3
2022-05-08 19:41:38.114,7.0812,94.1029,70.45,4.7
2022-05-04 20:36:17.083,10.3401,92.4602,30.51,4.6
2022-04-30 17:34:05.382,13.1672,93.0378,42.04,4.5
2022-04-23 04:19:29.630,7.4454,94.3067,10.0,4.6
2022-04-22 13:00:50.469,7.3858,94.2504,10.0,4.4
2022-04-22 03:51:27.747,13.9992,92.9511,10.0,4.9
2022-04-13 16:53:45.278,7.2769,94.4596,10.0,4.7
2022-04-12 14:35:47.003,7.3693,94.2948,10.0,4.3
2022-04-10 14:17:30.805,7.3744,94.48,10.0,5.1
2022-04-10 13:34:28.143,7.3212,94.4315,8.33,5.2
2022-04-10 11:28:42.542,7.1064,94.1818,10.0,4.4
2022-04-10 10:43:25.439,7.2942,94.4884,10.0,5.1
2022-04-10 10:20:16.659,7.256,94.3033,10.0,4.5
2022-04-10 04:32:56.838,7.3055,94.3791,10.0,4.4
2022-04-10 01:55:15.706,7.3661,94.3376,10.0,4.6
2022-04-10 01:32:23.491,7.3666,94.4408,6.21,5.4
2022-04-06 12:37:17.305,7.1856,94.3492,10.0,4.4
2022-04-06 06:07:11.759,7.4278,94.4187,10.0,4.8
2022-04-06 05:29:43.954,7.423,94.3078,10.0,5.5
2022-04-04 07:23:41.944,6.9324,94.192,10.0,4.4
2022-03-28 21:22:33.266,14.6269,93.0229,10.0,4.7
2022-03-25 17:58:26.461,12.8771,92.9804,26.21,4.2
2022-03-20 21:54:49.023,14.5923,93.0222,10.0,4.1
2022-02-20 11:43:42.215,10.8986,94.8857,10.0,4.3
2022-02-16 19:16:24.141,8.0859,91.9122,10.0,4.7
2022-02-13 16:14:36.350,7.259,94.292,10.0,4.5
2022-02-08 07:49:43.255,10.7745,92.8626,33.09,4.5
2022-01-29 23:46:31.813,10.5863,94.3334,10.0,4.4
2022-01-26 02:10:34.895,7.5449,93.2518,35.0,4.6
2022-01-23 15:50:16.399,10.7625,91.4855,10.0,4.6
2022-01-23 15:21:50.341,10.6973,91.5003,10.0,4.5
2022-01-11 10:07:22.297,7.2609,94.2638,112.14,4.6
2022-01-09 03:55:39.835,6.8783,94.632,110.04,4.4
2022-01-08 05:42:01.889,11.0371,93.2253,88.26,4.3
2022-01-04 15:02:42.007,11.9077,93.6061,131.6,4.6
2022-01-04 01:14:27.164,13.0711,93.0237,35.0,4.7
2021-12-29 00:01:00.663,9.8601,93.4354,92.37,5.0
2021-12-28 07:06:17.904,8.3999,93.9416,32.62,4.7
2021-12-27 04:30:28.474,7.064,93.7676,44.6,4.3
2021-12-23 22:39:06.686,7.1248,92.5432,10.0,4.9
2021-12-23 08:56:14.856,6.466,95.4471,224.2,4.3
2021-12-21 21:08:33.831,10.2993,94.0416,10.0,5.0
2021-12-19 03:19:46.151,13.7358,92.7495,10.0,5.1
2021-12-05 13:39:30.450,13.9216,92.4294,10.0,4.3
2021-11-24 03:15:10.719,7.2224,94.0102,52.55,4.7
2021-11-07 23:58:24.676,9.8651,93.6735,10.0,4.9
2021-10-31 07:38:04.425,10.9014,91.8348,10.0,4.4
2021-10-24 05:48:39.663,12.9223,92.488,10.0,4.3
2021-10-05 01:12:16.228,13.7634,93.7206,62.81,4.9
2021-09-30 13:05:36.409,11.7507,95.2935,24.04,4.4
2021-09-24 15:04:15.273,8.6251,94.1834,10.0,5.4
2021-09-21 18:14:55.220,9.7592,93.6952,32.78,4.7
2021-09-14 18:47:12.873,10.4507,93.2806,87.8,4.4
2021-09-13 16:30:44.158,12.8565,95.722,10.0,4.5
2021-09-11 03:20:17.235,14.1061,92.9896,10.0,5.2
2021-09-09 03:52:36.295,10.3157,93.729,10.0,4.5
2021-09-09 03:44:28.824,10.263,93.728,10.0,4.8
2021-09-09 03:02:19.261,10.1311,93.8015,10.0,4.7
2021-09-04 12:53:31.787,10.1164,91.5131,10.0,4.4
2021-09-04 12:10:24.174,10.1169,91.4548,10.0,4.2
2021-09-04 10:07:22.328,13.6444,93.5461,35.0,4.2
2021-09-02 03:21:59.692,10.2773,93.9046,10.0,4.2
2021-08-31 16:05:14.317,10.9134,91.5518,10.0,4.3
2021-08-30 18:54:41.219,10.1828,93.6781,10.0,4.6
2021-08-23 05:16:52.648,10.5565,92.1981,10.0,4.7
2021-08-22 07:57:01.741,10.7582,94.4328,10.0,4.1
2021-08-20 00:27:34.875,14.0695,92.8419,10.0,4.6
2021-08-14 19:50:17.185,12.3093,95.038,10.0,4.7
2021-08-10 01:34:00.703,8.7263,93.9675,10.0,4.3
2021-08-06 15:58:47.503,6.6032,94.4967,10.0,4.2
2021-08-06 09:20:42.643,8.6882,93.7196,10.0,4.1
2021-08-06 08:19:04.794,8.7641,93.9557,10.0,5.1
2021-08-06 03:49:24.434,8.8991,94.1059,10.0,4.6
2021-08-05 13:43:19.813,8.7361,93.9754,10.0,4.4
2021-08-05 12:46:01.077,8.814,94.0044,20.27,5.1
2021-08-05 11:14:09.038,8.6993,94.0674,11.44,4.5
2021-08-04 18:00:53.188,8.8466,94.1924,10.0,4.6
2021-08-04 17:57:39.892,8.7966,94.0775,8.82,5.5
2021-08-04 04:09:22.378,8.726,93.2725,10.0,4.6
2021-08-04 01:56:10.241,9.0695,94.2481,10.0,4.4
2021-08-04 01:04:47.616,8.864,94.0364,10.0,4.6
2021-08-03 08:30:02.583,8.9911,94.0466,10.0,4.3
2021-08-03 07:39:35.407,9.0302,93.9133,10.0,4.7
2021-08-03 04:16:30.055,8.5437,93.8915,10.0,4.6
2021-08-03 03:54:54.102,8.9515,94.1539,10.0,4.3
2021-08-03 03:43:53.638,9.0017,94.158,10.0,5.8
2021-08-03 03:42:38.345,8.8809,94.0192,10.0,6.1
2021-08-03 03:42:07.890,8.8628,94.0564,10.0,5.3
2021-08-03 01:51:14.508,9.0127,94.1198,10.0,5.3
2021-08-03 00:57:10.938,8.6742,94.1347,10.0,4.6
2021-07-29 16:02:25.747,6.8041,94.1346,65.06,4.3
2021-07-12 20:14:51.023,13.6942,92.7449,24.67,4.6
2021-07-07 20:21:09.465,11.0785,93.4623,96.69,4.2
2021-06-18 11:42:45.117,12.9872,92.3504,10.0,4.6
2021-06-13 09:41:46.884,7.2816,94.4207,10.0,4.2
2021-06-04 10:44:54.599,8.3468,94.2512,10.0,4.5
2021-06-02 19:45:34.358,10.2844,91.567,10.0,4.6
2021-06-01 01:09:21.812,12.8061,93.3096,49.57,4.5
2021-05-27 13:00:46.741,10.7126,91.5096,10.0,4.4
2021-05-25 14:14:37.433,13.2087,92.8437,10.0,4.5
2021-05-24 03:49:09.973,11.7799,94.876,10.0,4.5
2021-05-19 13:20:04.731,7.0967,94.6894,218.53,4.0
2021-05-18 05:49:21.978,6.6176,94.5648,10.0,5.0
2021-05-17 22:54:34.366,14.5393,93.7329,25.9,4.1
2021-05-12 03:58:23.483,9.0163,92.2062,10.0,4.6
2021-05-04 22:31:15.831,8.6376,94.1922,10.0,4.9
2021-04-21 19:45:11.093,10.4547,93.8204,10.0,4.3
2021-04-21 19:39:01.812,9.9295,93.1765,8.01,4.4
2021-04-21 19:34:42.963,10.5902,94.2339,26.06,4.6
2021-04-14 16:45:09.044,10.8839,91.5252,10.0,4.1
2021-03-30 16:08:21.488,6.3788,93.4713,25.52,4.9
2021-03-30 04:45:32.047,6.7972,92.1365,10.0,4.5
2021-03-29 08:24:59.963,10.9343,91.7787,10.0,4.6
2021-03-21 09:31:31.443,6.9626,92.3578,10.0,4.2
2021-03-01 18:21:52.678,6.6114,94.3526,74.69,4.7
2021-02-16 20:36:52.158,11.9865,94.5033,10.0,4.7
2021-02-15 13:53:17.275,9.1314,93.8707,10.0,4.4
2021-02-08 15:40:37.923,13.9209,96.4846,10.0,4.4
2021-01-27 02:52:29.712,13.1762,92.5357,29.29,4.4
2021-01-18 16:08:00.919,7.4656,93.5259,43.43,4.3
2021-01-18 11:43:55.496,7.3495,94.717,133.8,4.7
2021-01-07 01:27:31.280,6.3819,94.2415,78.43,5.0
2020-12-09 08:17:09.184,7.681,94.058,58.64,4.5
2020-12-06 13:35:41.171,12.619,93.2653,62.26,4.6
2020-11-26 02:00:31.329,10.1668,93.6071,10.0,4.3
2020-11-22 00:00:40.464,14.0029,92.5614,10.0,4.3
2020-11-17 13:12:51.222,7.7441,93.9314,51.17,4.7
2020-11-17 03:28:22.737,13.7389,92.4013,10.0,4.3
2020-11-07 06:19:11.529,13.9453,92.9836,10.0,4.5
2020-10-14 23:39:01.108,12.1851,95.7845,10.0,4.3
2020-09-30 13:44:06.357,12.2219,93.7095,75.77,4.4
2020-09-22 10:43:16.291,7.3774,94.5426,10.0,4.4
2020-09-07 21:37:50.432,13.1472,93.1904,41.16,4.7
2020-09-06 11:36:45.677,14.0641,93.0643,10.0,4.1
2020-08-30 16:10:06.882,6.8607,92.0497,10.0,4.0
2020-08-19 20:53:04.563,9.5672,93.3607,71.13,4.9
2020-08-11 14:48:44.768,7.3494,93.3176,40.31,4.3
2020-07-20 22:52:49.020,12.1567,94.9118,10.0,4.5
2020-07-17 18:32:58.716,12.0979,94.9745,5.07,5.7
2020-07-17 17:45:24.045,12.0447,95.1004,10.0,4.8
2020-07-17 14:43:17.244,11.8485,94.8316,10.0,5.0
2020-07-17 14:03:40.437,11.8485,94.9362,10.0,6.1
2020-07-17 13:29:04.589,11.8395,94.9771,10.0,5.1
2020-07-17 05:37:17.788,11.8654,95.0388,10.0,4.6
2020-07-17 05:01:13.351,11.6984,95.0094,10.0,4.8
2020-07-12 21:06:47.720,14.3503,92.992,10.0,4.6
2020-07-12 19:34:50.955,8.8774,93.9083,10.0,4.4
2020-07-07 23:49:28.057,12.9785,92.4828,10.0,4.6
2020-06-28 03:26:21.339,12.9095,92.6873,10.0,4.2
2020-06-18 02:02:17.568,6.4533,92.6936,10.0,4.9
2020-06-11 10:48:34.653,10.2409,93.6808,10.0,4.6
2020-06-09 20:47:32.885,14.151,91.6101,10.0,4.6
2020-05-31 13:03:58.927,10.8899,92.5217,8.42,4.7
2020-05-30 23:12:23.543,12.6084,93.2388,59.16,4.4
2020-05-29 00:30:29.301,11.7257,92.3273,10.0,4.5
2020-05-23 09:11:37.219,14.0757,94.0306,80.07,4.7
2020-05-22 19:43:08.261,11.3192,93.5383,103.13,4.3
2020-04-27 19:54:31.054,12.1157,92.936,32.59,4.4
2020-04-21 00:09:10.636,9.3687,92.9668,48.51,4.8
2020-04-13 17:34:03.942,12.0153,92.9576,38.0,4.3
2020-03-27 10:27:01.109,7.4016,92.2583,10.0,4.3
2020-03-24 15:00:31.941,7.969,92.5087,10.0,4.5
2020-03-19 12:58:56.455,8.8588,93.9589,10.0,4.8
2020-03-13 10:48:10.217,6.4531,92.6013,10.0,4.3
2020-02-12 19:17:55.089,10.5177,94.0622,10.0,4.3
2020-02-10 19:47:29.234,8.5032,92.5426,10.0,4.4
2020-02-10 18:20:09.252,13.1329,93.2938,39.6,4.9
2020-02-09 08:48:50.639,12.8396,92.6303,10.0,4.4
2020-02-07 11:00:40.151,11.1225,93.5904,129.96,4.4
2020-01-29 22:13:21.341,7.1328,92.0445,10.0,4.6
2020-01-29 15:10:53.203,10.3105,93.7827,10.0,5.0
2020-01-28 20:29:36.992,7.3115,92.0905,10.0,5.1
2020-01-22 19:23:28.031,7.7168,94.0461,106.74,4.7
2020-01-06 15:08:03.412,8.8585,93.5608,33.37,4.9
2020-01-02 08:22:22.365,8.0784,94.0198,10.0,4.3
2019-12-30 16:59:04.000,6.6861,94.4018,99.89,4.8
2019-12-24 05:52:56.405,7.0773,92.4071,10.0,5.1
2019-12-16 06:08:42.593,8.5479,91.8576,10.0,4.2
2019-12-10 03:51:46.613,12.2739,95.2155,10.0,4.4
2019-12-02 17:53:29.969,8.351,94.5307,186.14,5.0
2019-11-29 17:50:18.088,13.692,93.3959,49.27,4.9
2019-11-27 10:07:13.425,14.2308,93.0511,10.0,4.5
2019-11-20 14:06:55.919,10.9867,95.1124,10.0,4.6
2019-11-20 03:45:51.474,6.9197,93.8231,35.0,4.4
2019-11-20 03:43:04.660,7.2344,94.5302,10.0,4.5
2019-11-20 03:37:09.231,7.3022,94.5601,10.0,4.8
2019-11-20 03:35:22.326,7.1635,94.4353,10.0,4.7
2019-11-17 23:05:55.674,11.2863,92.9571,53.39,5.1
2019-11-17 06:47:05.738,7.2825,94.8637,10.0,4.7
2019-11-17 05:55:09.736,7.173,94.4316,10.0,4.2
2019-11-17 05:39:23.998,7.4864,94.8941,10.0,4.3
2019-11-17 01:28:55.472,7.2027,94.5282,10.0,5.2
2019-11-14 18:30:18.751,7.0993,94.8419,137.51,4.9
2019-11-13 11:18:43.126,6.6766,94.1635,85.75,4.1
2019-10-22 01:06:10.496,8.0497,94.395,172.3,4.8
2019-10-16 01:46:41.754,6.1412,93.9461,40.45,4.1
2019-10-12 06:50:56.055,13.3676,93.5713,63.94,4.4
2019-09-29 09:02:11.934,10.9759,91.65,10.0,4.7
2019-09-26 19:32:00.160,10.9418,91.7174,10.0,4.2
2019-09-26 19:15:33.160,10.8407,91.6606,10.0,4.7
2019-09-16 18:49:44.136,14.0514,93.5854,35.0,4.0
2019-09-11 15:40:17.181,10.9512,91.8646,24.99,4.6
2019-08-29 11:25:11.964,8.3335,92.1961,10.0,4.3
2019-08-28 13:40:06.063,13.092,93.2507,47.93,4.9
2019-08-23 14:54:59.945,8.5293,93.8713,65.3,4.2
2019-08-22 11:51:45.748,6.8089,92.2392,10.0,4.4
2019-08-21 09:19:12.149,9.1171,93.5712,10.0,4.9
2019-08-04 01:26:14.607,11.9126,95.0085,10.0,5.0
2019-08-01 00:43:18.690,14.1694,93.4565,10.0,4.5
2019-07-17 16:55:35.141,11.8122,94.8487,10.0,4.9
2019-07-09 11:40:23.909,8.4582,93.7163,10.0,4.6
2019-07-09 09:26:14.233,8.7112,94.0263,79.63,4.6
2019-06-23 02:35:10.239,9.9478,93.881,10.0,4.3
2019-06-19 12:05:02.242,6.7292,93.5072,35.0,4.7
2019-06-17 22:19:59.453,12.1229,92.709,30.0,4.9
2019-05-29 01:43:06.336,6.3225,93.767,35.0,5.0
2019-05-26 02:19:45.642,8.8566,93.7306,10.0,4.6
2019-05-25 14:33:23.381,8.5841,93.4888,9.85,4.4
2019-05-24 23:19:53.388,10.8163,91.6187,10.0,4.7
2019-05-24 21:23:34.749,13.8733,92.9509,10.0,5.0
2019-05-24 20:44:35.249,10.6433,91.4323,10.0,4.2
2019-05-22 00:39:34.963,13.8921,92.9916,29.0,5.6
2019-05-20 20:34:46.565,7.5563,94.1608,10.0,4.5
2019-05-20 02:11:27.698,7.4521,94.4055,10.0,4.3
2019-05-19 05:07:18.274,7.5098,94.1223,10.0,4.1
2019-05-17 19:05:19.114,7.6041,94.3069,10.0,5.1
2019-05-17 18:29:24.184,7.6875,94.4424,10.0,4.7
2019-05-17 17:02:34.398,7.5719,94.4011,10.0,4.3
2019-05-17 16:21:34.782,7.5086,94.2948,10.0,4.5
2019-05-17 15:25:22.280,7.7755,94.3354,10.0,4.4
2019-05-17 15:14:30.444,7.5825,94.3969,10.0,4.5
2019-05-16 06:52:00.006,7.4625,94.3045,10.0,4.9
2019-05-07 08:24:12.464,10.737,93.5702,77.47,4.6
2019-05-06 14:53:18.268,12.5345,93.2991,86.56,4.4
2019-04-30 18:49:10.542,7.4611,94.5571,62.11,4.4
2019-04-25 18:50:52.865,10.9578,91.7043,10.0,4.2
2019-04-23 14:14:41.025,10.2311,92.3966,10.0,4.5
2019-04-20 07:45:26.278,7.5639,94.3165,10.0,4.6
2019-04-18 21:57:56.116,7.6181,94.3675,10.0,4.9
2019-04-18 21:52:10.465,7.5912,94.3706,10.0,5.0
2019-04-15 13:33:49.328,12.4345,93.5064,105.87,4.2
2019-04-14 08:12:08.032,7.4151,94.5279,10.0,4.7
2019-04-14 01:08:46.244,7.4899,94.2039,10.0,4.6
2019-04-13 23:46:43.998,7.1896,94.5208,10.0,4.4
2019-04-13 23:02:50.523,14.069,93.1441,10.0,4.5
2019-04-13 20:43:30.319,7.3554,94.3786,10.0,5.1
2019-04-13 18:22:55.283,7.1804,94.3681,10.0,4.4
2019-04-13 17:03:13.527,7.1149,94.5466,10.0,4.5
2019-04-13 16:20:16.399,7.3444,94.4406,10.0,5.0
2019-04-13 16:12:55.522,7.4194,94.4056,10.0,5.4
2019-04-13 00:11:13.130,7.2874,94.3357,10.0,4.3
2019-04-12 23:14:01.512,7.2825,94.3985,10.0,4.9
2019-04-12 11:23:00.001,11.8466,92.8676,48.25,4.7
2019-04-12 01:56:59.713,10.5622,93.7769,10.0,4.2
2019-04-11 21:03:54.380,7.2918,94.296,10.0,4.3
2019-04-11 03:55:14.105,7.6175,94.2006,10.0,4.9
2019-04-11 03:50:38.660,7.6359,94.2502,10.0,5.1
2019-04-11 02:52:24.894,7.4223,94.1112,10.0,4.5
2019-04-11 02:39:29.509,7.6737,94.3251,10.0,5.0
2019-04-10 15:09:33.876,7.5624,94.1641,10.0,4.6
2019-04-09 21:53:42.524,7.5335,94.3612,10.0,4.3
2019-04-08 01:54:52.330,13.1345,95.4198,10.0,5.1
2019-04-06 13:23:05.060,7.3304,94.5115,10.0,4.8
2019-04-06 08:12:45.125,7.3881,94.3071,10.0,4.6
2019-04-05 10:53:05.571,6.9783,94.5302,10.0,4.6
2019-04-02 03:05:20.050,7.5118,94.218,10.0,4.2
2019-04-02 03:04:09.574,7.4762,94.2866,10.0,4.2
2019-04-01 20:07:41.579,7.4631,94.2665,10.0,4.4
2019-04-01 19:29:11.768,7.3374,94.1297,10.0,4.1
2019-04-01 16:28:20.601,7.5147,94.2453,4.79,4.5
2019-04-01 10:14:04.596,7.4132,94.2101,10.0,4.7
2019-04-01 10:02:11.292,7.3137,94.2947,10.0,4.2
2019-04-01 08:11:32.416,7.5782,94.3371,10.0,5.5
2019-04-01 08:05:04.530,7.364,94.1596,10.0,4.4
2019-04-01 07:49:22.858,7.2435,93.9406,10.0,4.1
2019-04-01 07:37:50.078,7.5237,94.2685,10.0,4.9
2019-04-01 06:56:40.993,7.7077,94.354,10.0,4.6
2019-04-01 06:02:04.396,7.5752,94.1212,10.0,4.4
2019-04-01 05:52:38.792,7.538,94.3882,10.0,5.1
2019-04-01 05:46:41.060,7.4809,94.1907,10.0,4.2
2019-04-01 05:09:16.853,7.5655,94.2188,10.0,4.9
2019-04-01 04:54:09.106,7.7978,94.4325,10.0,4.3
2019-04-01 04:35:03.677,7.4303,94.1713,10.0,4.4
2019-04-01 04:33:34.127,7.4994,94.3548,10.0,4.3
2019-04-01 04:30:27.150,7.6358,94.3172,10.0,4.3
2019-04-01 04:09:14.377,7.4984,94.2064,10.0,5.0
2019-04-01 04:04:29.192,7.444,94.2347,10.0,4.4
2019-04-01 03:54:23.566,7.3911,94.163,10.0,4.4
2019-04-01 03:38:07.453,7.5378,94.1618,10.0,5.0
2019-04-01 03:22:53.280,7.4898,94.4086,10.0,4.5
2019-04-01 03:21:39.591,7.4383,94.26,10.0,4.6
2019-04-01 03:15:38.374,7.5781,94.3147,10.0,4.2
2019-04-01 02:57:54.806,7.6366,94.0594,10.0,4.4
2019-04-01 02:49:42.533,7.4578,94.1773,10.0,4.7
2019-04-01 02:46:48.776,7.5796,94.2742,10.0,4.6
2019-04-01 02:42:38.330,6.7741,94.3164,10.0,4.5
2019-04-01 02:40:40.841,7.6583,94.3696,10.0,4.5
2019-04-01 02:28:05.813,7.7948,94.4455,10.0,4.7
2019-04-01 02:16:57.473,7.2582,94.1564,10.0,4.3
2019-04-01 02:02:42.985,7.638,94.3587,10.0,4.5
2019-04-01 01:34:20.256,7.7111,94.4094,10.0,4.7
2019-04-01 01:23:58.459,7.6564,94.2566,10.0,5.2
2019-04-01 01:22:48.025,7.4035,94.1203,10.0,4.6
2019-04-01 01:21:31.079,7.6959,94.2614,10.0,5.2
2019-04-01 01:11:43.111,7.5485,94.3508,10.0,5.1
2019-04-01 01:08:06.410,7.6045,94.3543,10.0,4.8
2019-04-01 01:04:49.780,7.7505,94.0496,10.0,4.4
2019-04-01 01:04:05.388,7.5719,94.1319,10.0,4.2
2019-04-01 00:58:18.860,7.4607,94.2036,10.0,4.9
2019-04-01 00:56:31.173,7.567,94.2819,10.0,4.6
2019-04-01 00:54:15.012,7.5591,94.1522,10.0,4.5
2019-04-01 00:49:37.630,7.6133,94.3217,10.0,4.9
2019-04-01 00:44:24.880,7.5203,94.3975,10.0,4.9
2019-04-01 00:37:27.190,7.4732,94.2219,10.0,4.8
2019-04-01 00:34:09.310,7.6243,94.452,10.0,4.9
2019-04-01 00:25:43.450,7.6688,94.3113,10.0,5.0
2019-04-01 00:23:37.730,7.6511,94.33,10.0,4.9
2019-04-01 00:03:43.547,7.806,94.364,10.0,5.0
2019-03-31 23:59:50.400,8.3118,94.6243,10.0,4.8
2019-03-31 23:56:43.440,7.5796,94.3296,10.0,5.0
2019-03-31 23:48:56.640,7.5776,94.1803,10.0,4.9
2019-03-31 23:46:41.494,7.8278,94.2402,10.0,5.2
2019-03-31 23:44:43.830,7.7758,94.3057,10.0,4.9
2019-03-31 23:42:29.980,7.609,94.2219,10.0,4.8
2019-03-31 23:42:01.540,7.5642,94.3894,10.0,5.0
2019-03-31 23:38:45.120,7.8123,94.4571,10.0,4.4
2019-03-31 23:32:15.620,7.5814,94.4348,10.0,4.5
2019-03-28 03:08:13.487,11.1534,95.1558,10.0,5.2
2019-03-23 11:34:01.596,13.9762,93.1001,10.0,4.9
2019-03-23 11:29:27.136,14.1145,93.0433,10.0,5.2
2019-03-22 20:50:06.360,7.5694,94.2136,10.0,4.2
2019-03-21 13:42:35.034,7.514,94.387,38.19,4.4
2019-03-20 10:27:35.183,11.9231,92.8488,56.99,4.9
2019-03-16 04:13:00.548,7.3401,94.6742,206.47,4.1
2019-03-11 01:14:29.020,11.8129,93.6513,115.85,4.5
2019-03-10 13:20:06.945,9.9158,92.8115,35.0,4.7
2019-02-28 05:00:52.540,7.5343,94.1586,10.0,4.7
2019-02-28 00:00:52.290,7.3155,94.3711,108.23,5.0
2019-02-24 17:12:11.420,10.2536,93.7785,10.0,4.3
2019-02-21 19:34:36.210,6.3346,94.2511,73.93,4.6
2019-02-12 20:21:21.610,13.4538,91.7532,10.0,4.4
2019-01-18 13:19:39.040,14.0245,92.9974,10.0,4.5
2019-01-17 02:53:06.400,7.4036,94.3739,88.0,5.4
2019-01-11 14:46:33.830,13.0839,91.6733,10.0,4.4
2019-01-03 14:03:44.980,11.7558,93.3604,111.1,4.5
2018-12-31 16:45:36.650,6.8343,92.6086,10.0,4.6
2018-12-27 16:46:09.310,12.8155,93.5007,75.11,4.4
2018-12-26 14:36:21.170,8.0837,93.6636,88.19,4.3
2018-12-13 00:50:26.380,8.6753,94.6116,117.35,4.6
2018-11-17 18:51:53.660,7.6423,94.4323,10.0,4.6
2018-11-17 18:51:06.620,7.4665,94.2894,10.0,4.3
2018-11-15 04:31:24.890,6.19,93.1185,23.21,5.2
2018-11-07 06:37:23.520,6.5389,95.1415,197.6,4.4
2018-10-31 23:18:46.540,6.0379,95.1105,10.0,4.5
2018-10-28 16:53:43.460,8.791,93.8375,10.0,4.8
2018-10-18 17:49:30.040,6.7461,92.505,10.0,4.4
2018-10-09 22:27:53.450,7.4386,94.7883,256.65,4.3
2018-10-03 04:09:41.220,9.3012,93.8022,54.7,4.6
2018-10-01 13:24:44.800,12.9046,92.2347,25.65,5.1
2018-09-30 19:27:00.740,8.6511,93.5079,10.0,4.3
2018-09-29 08:18:00.730,10.4733,91.652,10.0,4.1
2018-09-14 07:51:24.640,7.0619,94.1798,75.76,5.1
2018-08-24 12:18:07.220,10.7028,91.5787,10.0,4.6
2018-08-24 11:29:32.600,10.9995,91.5782,10.0,4.4
2018-08-24 10:49:27.510,10.5407,91.7115,10.0,5.5
2018-08-16 08:12:03.180,6.7561,92.593,21.5,4.9
2018-08-13 16:07:11.430,14.0665,93.2233,30.48,4.9
2018-08-06 04:35:50.040,7.4174,91.7686,26.49,5.0
2018-07-17 14:42:22.060,10.9238,91.8114,10.0,4.6
2018-07-10 07:36:30.940,12.9343,93.4058,79.64,4.5
2018-07-08 09:54:25.980,7.2201,94.3193,10.31,4.7
2018-07-08 09:04:19.470,7.2941,94.3279,16.91,4.5
2018-07-08 07:19:47.890,7.2668,94.4288,10.0,4.2
2018-07-04 20:34:51.770,14.5358,96.4672,8.36,5.1
2018-07-04 17:54:56.190,11.3442,93.0558,97.52,4.0
2018-07-04 07:12:49.940,13.1648,92.4982,27.4,4.8
2018-07-03 23:55:23.540,13.276,93.5947,74.65,4.4
2018-06-28 19:03:21.900,14.0705,92.8391,27.05,4.4
2018-06-21 20:29:19.560,7.3158,94.45,10.0,4.9
2018-06-20 19:04:15.790,10.1921,93.0909,70.72,4.5
2018-06-10 22:38:27.380,13.5505,92.9769,22.79,4.5
2018-05-28 02:00:00.470,9.5212,93.4269,88.88,5.2
2018-05-25 17:41:54.090,10.8902,93.6517,140.2,4.7
2018-05-22 11:46:55.690,12.2515,95.9839,10.0,4.7
2018-05-13 18:46:07.260,7.5491,93.6093,71.38,5.0
2018-05-13 18:20:56.980,7.5435,93.6163,45.23,5.1
2018-05-05 17:50:39.760,8.5569,94.0233,72.33,4.4
2018-04-26 18:47:36.090,7.2912,92.2936,10.0,4.3
2018-04-24 01:15:43.610,11.0716,93.5682,97.56,4.4
2018-04-23 18:01:26.520,13.1779,92.3513,26.74,4.9
2018-04-16 06:07:57.040,6.882,92.0916,10.0,4.4
2018-04-09 23:11:38.070,13.8976,92.8286,28.81,4.0
2018-03-28 23:58:28.800,6.4627,92.411,10.0,4.1
2018-03-19 21:53:30.180,6.8585,94.1418,89.75,4.3
2018-03-16 19:58:33.840,12.5671,93.7551,109.07,4.3
2018-03-15 17:07:05.630,11.9132,92.2633,42.36,4.3
2018-03-06 04:40:05.040,6.9478,94.1757,71.56,5.1
2018-03-06 03:06:51.920,13.9008,92.8633,29.63,4.1
2018-02-15 21:01:22.340,8.2077,93.9965,32.77,4.4
2018-02-13 02:39:51.940,12.3508,93.1579,57.51,5.2
2018-01-25 03:48:28.730,8.3429,91.8589,10.0,5.3
2018-01-25 01:15:58.290,8.2527,91.7665,10.0,5.8
2018-01-24 11:01:46.430,14.6681,92.6095,10.0,4.3
2018-01-14 15:48:09.590,12.1779,92.4336,32.95,4.7
2018-01-04 19:57:33.330,6.7749,95.2613,214.8,4.7
2018-01-02 20:47:43.780,7.1265,92.1669,29.62,4.9
2017-12-29 11:29:37.610,8.4361,92.415,17.07,5.1
2017-12-22 15:58:49.710,10.0394,93.0186,33.89,4.8
2017-12-19 13:23:32.100,9.7595,93.5468,15.89,4.9
2017-12-11 16:49:48.970,11.8055,93.8373,136.55,4.6
2017-12-02 19:36:18.430,12.1948,95.085,10.0,4.4
2017-11-13 13:41:53.790,9.8714,93.1863,7.29,4.3
2017-10-28 14:17:46.560,12.7959,95.4699,10.0,4.5
2017-10-25 18:20:47.790,13.7225,92.9359,32.74,4.7
2017-10-23 14:23:42.660,6.8047,92.5032,10.0,4.5
2017-10-14 11:45:51.540,6.174,91.3087,25.96,4.4
2017-10-10 14:42:26.530,13.032,93.3537,52.75,4.6
2017-10-09 19:32:39.030,12.9368,92.4082,32.5,4.5
2017-10-06 20:59:02.460,11.0125,94.7724,38.49,4.1
2017-10-06 14:00:31.480,11.9798,95.0763,10.08,5.0
2017-10-02 23:31:42.640,12.8626,91.8995,27.25,4.7
2017-10-01 14:35:36.080,12.8898,92.3055,29.1,4.5
2017-10-01 12:49:04.640,12.7773,91.8903,28.55,4.6
2017-09-25 20:27:11.320,13.0038,92.9286,32.08,4.2
2017-09-17 14:48:11.340,12.8183,92.0967,26.18,5.0
2017-09-17 10:27:11.790,12.7773,92.0628,33.35,4.5
2017-09-15 22:37:56.230,12.8855,91.8312,28.17,4.5
2017-09-11 16:44:54.180,11.1912,93.763,135.46,4.4
2017-09-06 00:10:55.750,10.2437,93.1611,83.98,5.0
2017-09-05 18:06:36.970,7.8519,93.2674,51.55,4.9
2017-09-03 06:52:17.790,9.2814,93.1142,60.53,4.9
2017-08-11 03:34:53.600,13.639,92.8043,25.23,4.5
2017-08-06 03:48:35.660,6.3104,95.1161,36.71,4.8
2017-07-13 22:18:37.040,14.384,93.7029,37.99,4.2
2017-07-12 22:33:37.170,9.8244,93.9746,10.0,4.3
2017-07-10 10:44:46.240,10.4269,93.8907,42.73,4.5
2017-06-25 15:44:16.860,6.2687,94.2975,83.56,4.5
2017-06-24 14:26:44.820,10.0742,93.5741,35.0,4.4
2017-06-12 00:09:05.310,6.4255,92.6617,31.58,4.5
2017-05-30 22:24:43.880,10.3004,93.2343,82.18,4.4
2017-05-21 17:38:11.660,11.5138,95.0885,20.77,4.6
2017-05-17 17:45:54.770,12.7126,93.5971,100.98,4.6
2017-05-16 14:04:40.080,11.4865,95.052,20.79,4.6
2017-05-05 17:58:35.880,13.7401,92.548,19.13,5.0
2017-05-01 18:59:31.990,11.7813,94.8399,28.01,4.7
2017-05-01 06:50:59.270,13.6394,92.851,27.84,4.4
2017-04-05 16:44:36.740,14.4592,93.0491,31.8,5.3
2017-03-19 08:57:06.970,9.9624,93.5567,35.85,4.6
2017-03-18 15:58:21.640,12.91,95.8132,23.33,4.4
2017-03-17 14:01:43.070,11.1741,92.8778,46.01,4.8
2017-03-14 02:51:16.770,6.1457,92.3044,10.0,6.0
2017-03-10 12:39:35.300,8.3783,91.8219,32.13,4.3
2017-03-01 16:21:04.660,11.6696,92.2347,29.78,4.1
2017-03-01 03:16:52.370,12.2124,93.2046,67.58,4.5
2017-02-28 10:42:06.570,10.1937,92.501,32.34,4.2
2017-01-18 15:42:40.480,12.2,94.9698,27.49,4.9
2017-01-05 20:28:54.050,7.2571,94.8709,202.12,4.4
2016-12-29 05:05:33.520,7.2815,94.4877,22.86,4.4
2016-12-27 21:21:53.720,13.341,92.327,28.8,4.4
2016-12-27 10:50:19.090,12.763,92.9305,35.0,4.3
2016-12-23 04:56:16.820,12.3232,91.9315,27.78,4.4
2016-12-03 19:42:11.180,10.9345,91.886,10.0,4.7
2016-11-25 19:37:57.090,7.1094,92.4447,29.37,4.4
2016-11-25 11:17:10.660,13.1382,93.0599,32.79,4.6
2016-11-13 21:22:24.700,10.6904,93.6834,8.78,4.6
2016-11-11 16:20:10.360,7.1537,92.0147,28.66,4.1
2016-10-30 16:26:35.110,8.1719,94.3373,54.26,4.5
2016-10-25 22:00:26.020,7.0673,92.4518,10.0,4.9
2016-09-26 19:04:19.150,8.3699,94.2744,35.0,4.6
2016-09-23 22:27:23.980,8.3937,94.3791,35.0,4.9
2016-09-20 09:10:11.230,13.301,93.048,35.0,4.3
2016-09-19 12:57:31.930,10.3504,92.6927,33.56,4.6
2016-09-18 23:39:09.760,8.1628,92.2383,30.06,4.3
2016-09-16 05:18:49.780,12.8909,92.492,29.95,4.3
2016-09-15 02:30:46.460,10.1636,91.7111,20.94,5.0
2016-09-13 11:59:49.020,10.2454,91.637,27.71,4.7
2016-09-11 05:07:48.670,9.8342,93.2204,75.1,4.6
2016-09-08 23:35:06.290,8.6016,93.8842,80.77,4.5
2016-09-04 22:28:38.650,13.5061,92.7137,31.34,4.2
2016-08-26 18:24:21.040,9.0105,95.5605,14.46,4.5
2016-08-26 18:22:55.880,9.1191,94.4457,10.0,4.4
2016-08-26 18:20:45.580,9.2319,93.9606,10.0,4.7
2016-08-18 18:23:56.270,11.9017,93.5881,107.98,4.6
2016-08-18 01:39:38.800,7.4749,94.2706,112.31,4.3
2016-08-11 10:55:13.190,7.7291,93.6872,40.99,4.8
2016-08-11 10:52:26.170,7.59,93.6584,39.63,4.5
2016-07-24 23:09:49.190,14.9748,96.4342,27.75,5.0
2016-07-24 15:33:07.260,12.7303,93.3143,62.76,4.4
2016-07-13 17:56:32.830,12.0821,95.1704,10.0,4.5
2016-06-13 00:16:58.710,6.3836,94.3554,70.26,4.2
